{
  "random_forest": {
    "model": "random_forest",
    "threshold": 0.55,
    "cv_accuracy": 0.9274188562596599,
    "cv_precision": 0.6505850484923872,
    "cv_recall": 0.8602456627141402,
    "cv_f1": 0.7377511983474145,
    "cv_roc_auc": 0.9722851114093594,
    "accuracy": 0.9340614053162992,
    "precision": 0.5206766917293233,
    "recall": 0.8099415204678363,
    "f1_score": 0.6338672768878718,
    "roc_auc": 0.9669942609423878
  },
  "xgboost": {
    "model": "xgboost",
    "threshold": 0.55,
    "cv_accuracy": 0.9316846986089644,
    "cv_precision": 0.6807195878104144,
    "cv_recall": 0.8138467102495008,
    "cv_f1": 0.7381371324218093,
    "cv_roc_auc": 0.9721024794537968,
    "accuracy": 0.9406552647846693,
    "precision": 0.5557851239669421,
    "recall": 0.7865497076023392,
    "f1_score": 0.6513317191283293,
    "roc_auc": 0.9694625613023915
  },
  "lstm": {
    "model": "lstm",
    "threshold": 0.55,
    "cv_accuracy": NaN,
    "cv_precision": NaN,
    "cv_recall": NaN,
    "cv_f1": NaN,
    "cv_roc_auc": NaN,
    "accuracy": 0.9063488715460873,
    "precision": 0.4301369863013699,
    "recall": 0.9181286549707602,
    "f1_score": 0.585820895522388,
    "roc_auc": 0.9576830991626221
  }
}