{
  "best_model": "xgboost",
  "best_metrics": {
    "model": "xgboost",
    "threshold": 0.55,
    "cv_accuracy": 0.9316846986089644,
    "cv_precision": 0.6807195878104144,
    "cv_recall": 0.8138467102495008,
    "cv_f1": 0.7381371324218093,
    "cv_roc_auc": 0.9721024794537968,
    "accuracy": 0.9406552647846693,
    "precision": 0.5557851239669421,
    "recall": 0.7865497076023392,
    "f1_score": 0.6513317191283293,
    "roc_auc": 0.9694625613023915
  },
  "confusion_matrix": [
    [
      4296,
      215
    ],
    [
      73,
      269
    ]
  ],
  "classification_report": "              precision    recall  f1-score   support\n\n           0       0.98      0.95      0.97      4511\n           1       0.56      0.79      0.65       342\n\n    accuracy                           0.94      4853\n   macro avg       0.77      0.87      0.81      4853\nweighted avg       0.95      0.94      0.95      4853\n"
}